timestamp,eye_ratio,head_angle,status,duration
2025-07-13 11:47:12,0.2748,92.66,Drowsy !,0.31
2025-07-13 11:47:12,0.2738,92.70,Drowsy !,0.35
2025-07-13 11:47:12,0.2728,92.70,Drowsy !,0.39
2025-07-13 11:47:12,0.2718,92.66,Drowsy !,0.43
2025-07-13 11:47:12,0.2732,92.70,Drowsy !,0.47
2025-07-13 11:47:12,0.2743,92.73,Drowsy !,0.52
2025-07-13 11:47:12,0.2747,92.77,Drowsy !,0.57
2025-07-13 11:47:12,0.2777,92.84,Drowsy !,0.61
2025-07-13 11:47:12,0.2805,92.91,Drowsy !,0.65
2025-07-13 11:47:12,0.2826,93.02,Drowsy !,0.70
2025-07-13 11:47:12,0.2867,93.09,Active :),0.74
2025-07-13 11:47:12,0.2906,93.13,Active :),0.78
2025-07-13 11:47:12,0.2945,93.21,Active :),0.82
2025-07-13 11:47:12,0.2968,93.21,Active :),0.87
2025-07-13 11:47:12,0.2983,93.21,Active :),0.92
2025-07-13 11:47:12,0.3002,93.22,Active :),0.97
2025-07-13 11:47:12,0.3009,93.22,Active :),1.01
2025-07-13 11:47:12,0.2989,93.19,Active :),1.05
2025-07-13 11:47:12,0.2970,93.15,Active :),1.09
2025-07-13 11:47:12,0.2957,93.08,Active :),1.13
2025-07-13 11:47:12,0.2950,93.08,Active :),1.17
2025-07-13 11:47:12,0.2944,93.12,Active :),1.22
2025-07-13 11:47:12,0.2945,93.15,Active :),1.26
2025-07-13 11:47:12,0.2962,93.26,Active :),1.30
2025-07-13 11:47:14,0.3201,93.06,Active :),2.33
2025-07-13 11:47:14,0.3191,93.03,Active :),2.37
2025-07-13 11:47:14,0.3195,93.04,Active :),2.41
2025-07-13 11:47:14,0.3199,93.11,Active :),2.46
2025-07-13 11:47:14,0.3188,93.15,Active :),2.50
2025-07-13 11:47:14,0.3161,93.15,Active :),2.54
2025-07-13 11:47:14,0.3137,93.15,Active :),2.58
2025-07-13 11:47:14,0.3124,93.12,Active :),2.63
2025-07-13 11:47:14,0.3133,93.09,Active :),2.68
2025-07-13 11:47:14,0.3091,93.12,Active :),0.00
2025-07-13 11:47:14,0.3046,93.16,Active :),0.00
2025-07-13 11:47:14,0.3019,93.20,Active :),0.00
2025-07-13 11:47:14,0.2980,93.20,Active :),0.00
2025-07-13 11:47:14,0.2929,93.17,Active :),0.00
2025-07-13 11:47:14,0.2907,93.20,Active :),0.00
2025-07-13 11:47:14,0.2886,93.24,Drowsy !,0.00
2025-07-13 11:47:14,0.2862,93.28,Drowsy !,0.04
2025-07-13 11:47:14,0.2834,93.28,Drowsy !,0.09
2025-07-13 11:47:14,0.2802,93.20,Drowsy !,0.14
2025-07-13 11:47:14,0.2809,93.13,Drowsy !,0.18
2025-07-13 11:47:14,0.2822,93.13,Drowsy !,0.22
2025-07-13 11:47:16,0.2838,93.27,Active :),0.00
2025-07-13 11:47:16,0.2833,93.27,Active :),0.00
2025-07-13 11:47:16,0.2807,93.26,Active :),0.00
2025-07-13 11:47:16,0.2804,93.22,Active :),0.04
2025-07-13 11:47:16,0.2842,93.19,Active :),0.09
2025-07-13 11:47:16,0.2863,93.22,Active :),0.14
2025-07-13 11:47:16,0.2885,93.26,Active :),0.18
2025-07-13 11:47:16,0.2918,93.29,Active :),0.23
2025-07-13 11:47:16,0.2967,93.33,Active :),0.27
2025-07-13 11:47:16,0.2988,93.37,Active :),0.00
2025-07-13 11:47:16,0.3007,93.26,Active :),0.04
2025-07-13 11:47:16,0.3032,93.22,Active :),0.10
2025-07-13 11:47:16,0.3058,93.19,Active :),0.14
2025-07-13 11:47:16,0.3067,93.23,Active :),0.18
2025-07-13 11:47:16,0.3049,93.23,Active :),0.22
2025-07-13 11:47:16,0.3032,93.23,Active :),0.26
2025-07-13 11:47:16,0.3016,93.23,Active :),0.30
2025-07-13 11:47:16,0.2989,93.23,Active :),0.35
2025-07-13 11:47:16,0.2955,93.23,Active :),0.39
2025-07-13 11:47:16,0.2972,93.27,Active :),0.43
2025-07-13 11:47:16,0.2990,93.34,Active :),0.47
2025-07-13 11:47:16,0.2988,93.38,Active :),0.51
2025-07-13 11:47:18,0.2578,92.98,Drowsy !,0.73
2025-07-13 11:47:18,0.2562,93.02,Drowsy !,0.78
2025-07-13 11:47:18,0.2550,93.06,Drowsy !,0.82
2025-07-13 11:47:18,0.2534,93.10,Drowsy !,0.86
2025-07-13 11:47:18,0.2554,93.09,Drowsy !,0.90
2025-07-13 11:47:18,0.2550,93.09,Drowsy !,0.95
2025-07-13 11:47:18,0.2539,93.09,Drowsy !,0.99
2025-07-13 11:47:18,0.2535,93.09,Drowsy !,1.03
2025-07-13 11:47:18,0.2538,93.08,Drowsy !,1.07
2025-07-13 11:47:18,0.2561,93.05,Drowsy !,1.11
2025-07-13 11:47:18,0.2548,93.05,Drowsy !,1.15
2025-07-13 11:47:18,0.2540,93.01,Drowsy !,1.20
2025-07-13 11:47:18,0.2529,92.93,Drowsy !,1.24
2025-07-13 11:47:18,0.2522,92.85,Drowsy !,1.28
2025-07-13 11:47:18,0.2514,92.82,Drowsy !,1.32
2025-07-13 11:47:18,0.2530,92.82,Drowsy !,1.36
2025-07-13 11:47:18,0.2549,92.78,Drowsy !,1.41
2025-07-13 11:47:18,0.2561,92.75,Drowsy !,1.45
2025-07-13 11:47:18,0.2558,92.71,Drowsy !,1.49
2025-07-13 11:47:18,0.2542,92.75,Drowsy !,1.54
2025-07-13 11:47:18,0.2546,92.75,Drowsy !,1.58
2025-07-13 11:47:18,0.2536,92.71,Drowsy !,0.00
2025-07-13 11:47:18,0.2529,92.71,Drowsy !,0.00
2025-07-13 11:47:18,0.2525,92.71,Drowsy !,0.04
2025-07-13 11:47:20,0.2592,92.87,Drowsy !,1.08
2025-07-13 11:47:20,0.2607,92.87,Drowsy !,1.12
2025-07-13 11:47:20,0.2610,92.88,Drowsy !,1.16
2025-07-13 11:47:20,0.2610,92.84,Drowsy !,1.21
2025-07-13 11:47:20,0.2610,92.80,Drowsy !,1.25
2025-07-13 11:47:20,0.2606,92.84,Drowsy !,1.29
2025-07-13 11:47:20,0.2594,92.84,Drowsy !,1.35
2025-07-13 11:47:20,0.2570,92.84,Drowsy !,1.39
2025-07-13 11:47:20,0.2578,92.80,Drowsy !,1.43
2025-07-13 11:47:20,0.2582,92.76,Drowsy !,1.47
2025-07-13 11:47:20,0.2577,92.75,Drowsy !,1.51
2025-07-13 11:47:20,0.2578,92.75,Drowsy !,1.56
2025-07-13 11:47:20,0.2590,92.75,Drowsy !,1.60
2025-07-13 11:47:20,0.2603,92.75,Drowsy !,1.64
2025-07-13 11:47:20,0.2603,92.78,Drowsy !,1.68
2025-07-13 11:47:20,0.2607,92.75,Drowsy !,1.72
2025-07-13 11:47:20,0.2626,92.75,Drowsy !,1.76
2025-07-13 11:47:20,0.2655,92.75,Drowsy !,1.81
2025-07-13 11:47:20,0.2681,92.79,Drowsy !,1.87
2025-07-13 11:47:20,0.2712,92.83,Drowsy !,1.92
2025-07-13 11:47:20,0.2705,92.83,Drowsy !,1.96
2025-07-13 11:47:20,0.2693,92.83,Drowsy !,2.00
2025-07-13 11:47:20,0.2682,92.83,Drowsy !,2.04
2025-07-13 11:47:22,0.3410,93.75,Active :),3.09
2025-07-13 11:47:22,0.3470,93.83,Active :),3.13
2025-07-13 11:47:22,0.3531,93.92,Active :),3.18
2025-07-13 11:47:22,0.3591,94.01,Active :),3.22
2025-07-13 11:47:22,0.3595,94.14,Active :),3.26
2025-07-13 11:47:22,0.3610,94.26,Active :),3.30
2025-07-13 11:47:22,0.3599,94.30,Active :),3.34
2025-07-13 11:47:22,0.3574,94.34,Active :),3.39
2025-07-13 11:47:22,0.3536,94.45,Active :),3.43
2025-07-13 11:47:22,0.3522,94.49,Active :),3.49
2025-07-13 11:47:22,0.3525,94.57,Active :),3.54
2025-07-13 11:47:22,0.3527,94.65,Active :),3.57
2025-07-13 11:47:22,0.3513,94.80,Active :),3.62
2025-07-13 11:47:22,0.3500,94.95,Active :),3.66
2025-07-13 11:47:22,0.3431,94.94,Active :),3.71
2025-07-13 11:47:22,0.3357,94.98,Active :),3.75
2025-07-13 11:47:22,0.3295,95.01,Active :),3.80
2025-07-13 11:47:22,0.3223,95.01,Active :),0.00
2025-07-13 11:47:22,0.3156,95.01,Active :),0.00
2025-07-13 11:47:22,0.3074,95.01,Active :),0.00
2025-07-13 11:47:22,0.2991,95.01,Active :),0.00
2025-07-13 11:47:22,0.2929,95.07,Active :),0.04
2025-07-13 11:47:24,0.2927,94.91,Active :),0.46
2025-07-13 11:47:24,0.2934,94.88,Active :),0.50
2025-07-13 11:47:24,0.2942,94.84,Active :),0.55
2025-07-13 11:47:24,0.2927,94.84,Active :),0.00
2025-07-13 11:47:24,0.2910,94.80,Active :),0.00
2025-07-13 11:47:24,0.2907,94.73,Active :),0.04
2025-07-13 11:47:24,0.2900,94.69,Active :),0.00
2025-07-13 11:47:24,0.2891,94.66,Active :),0.00
2025-07-13 11:47:24,0.2878,94.73,Active :),0.00
2025-07-13 11:47:24,0.2849,94.81,Active :),0.00
2025-07-13 11:47:24,0.2819,94.81,Active :),0.00
2025-07-13 11:47:24,0.2795,94.81,Active :),0.00
2025-07-13 11:47:24,0.2794,94.84,Active :),0.04
2025-07-13 11:47:24,0.2815,94.84,Active :),0.08
2025-07-13 11:47:24,0.2822,94.81,Active :),0.12
2025-07-13 11:47:24,0.2815,94.81,Active :),0.17
2025-07-13 11:47:24,0.2813,94.84,Active :),0.22
2025-07-13 11:47:24,0.2819,94.88,Active :),0.28
2025-07-13 11:47:24,0.2830,94.80,Active :),0.32
2025-07-13 11:47:24,0.2861,94.76,Active :),0.37
2025-07-13 11:47:24,0.2893,94.80,Active :),0.41
2025-07-13 11:47:24,0.2898,94.76,Active :),0.45
2025-07-13 11:47:24,0.2881,94.69,Active :),0.49
2025-07-13 11:47:26,0.2764,94.27,Active :),0.05
2025-07-13 11:47:26,0.2786,94.31,Active :),0.09
2025-07-13 11:47:26,0.2789,94.35,Active :),0.13
2025-07-13 11:47:26,0.2795,94.39,Active :),0.17
2025-07-13 11:47:26,0.2793,94.52,Active :),0.21
2025-07-13 11:47:26,0.2806,94.64,Active :),0.25
2025-07-13 11:47:26,0.2822,94.72,Active :),0.00
2025-07-13 11:47:26,0.2829,94.80,Active :),0.00
2025-07-13 11:47:26,0.2850,94.84,Active :),0.05
2025-07-13 11:47:26,0.2880,94.88,Active :),0.10
2025-07-13 11:47:26,0.2874,94.88,Active :),0.14
2025-07-13 11:47:26,0.2849,94.92,Active :),0.00
2025-07-13 11:47:26,0.2842,94.95,Active :),0.00
2025-07-13 11:47:26,0.2847,94.99,Active :),0.04
2025-07-13 11:47:26,0.2861,94.95,Active :),0.08
2025-07-13 11:47:26,0.2869,94.90,Active :),0.12
2025-07-13 11:47:26,0.2875,94.90,Active :),0.17
2025-07-13 11:47:26,0.2885,94.86,Active :),0.21
2025-07-13 11:47:26,0.2881,94.86,Active :),0.25
2025-07-13 11:47:26,0.2875,94.86,Active :),0.29
2025-07-13 11:47:26,0.2864,94.87,Active :),0.33
2025-07-13 11:47:26,0.2876,94.90,Active :),0.37
2025-07-13 11:47:26,0.2884,94.90,Active :),0.42
2025-07-13 11:47:28,0.2535,95.24,Drowsy !,0.00
2025-07-13 11:47:28,0.2482,95.20,Drowsy !,0.00
2025-07-13 11:47:28,0.2443,95.20,Drowsy !,0.04
2025-07-13 11:47:28,0.2437,95.19,Drowsy !,0.09
2025-07-13 11:47:28,0.2410,95.19,Drowsy !,0.00
2025-07-13 11:47:28,0.2411,95.26,Drowsy !,0.07
2025-07-13 11:47:28,0.2447,95.33,Drowsy !,0.12
2025-07-13 11:47:28,0.2463,95.40,Drowsy !,0.15
2025-07-13 11:47:28,0.2448,95.42,Drowsy !,0.19
2025-07-13 11:47:28,0.2485,95.46,Drowsy !,0.24
2025-07-13 11:47:28,0.2548,95.53,Drowsy !,0.27
2025-07-13 11:47:28,0.2624,95.53,Drowsy !,0.31
2025-07-13 11:47:28,0.2687,95.49,Drowsy !,0.35
2025-07-13 11:47:28,0.2774,95.50,Drowsy !,0.40
2025-07-13 11:47:28,0.2873,95.46,Drowsy !,0.47
2025-07-13 11:47:28,0.2933,95.39,Drowsy !,0.51
2025-07-13 11:47:28,0.3017,95.35,Drowsy !,0.55
2025-07-13 11:47:28,0.3121,95.32,Active :),0.60
2025-07-13 11:47:28,0.3218,95.29,Active :),0.64
2025-07-13 11:47:28,0.3264,95.25,Active :),0.68
2025-07-13 11:47:28,0.3306,95.25,Active :),0.72
2025-07-13 11:47:28,0.3336,95.32,Active :),0.76
2025-07-13 11:47:28,0.3364,95.36,Active :),0.80
2025-07-13 11:47:30,0.2913,95.14,Active :),0.00
2025-07-13 11:47:30,0.2876,95.11,Active :),0.00
2025-07-13 11:47:30,0.2843,95.03,Active :),0.00
2025-07-13 11:47:30,0.2810,94.99,Drowsy !,0.00
2025-07-13 11:47:30,0.2787,94.96,Drowsy !,0.05
2025-07-13 11:47:30,0.2755,94.93,Drowsy !,0.09
2025-07-13 11:47:30,0.2725,94.89,Drowsy !,0.15
2025-07-13 11:47:30,0.2713,94.86,Drowsy !,0.19
2025-07-13 11:47:30,0.2710,94.79,Drowsy !,0.23
2025-07-13 11:47:30,0.2699,94.71,Drowsy !,0.27
2025-07-13 11:47:30,0.2698,94.72,Drowsy !,0.32
2025-07-13 11:47:30,0.2705,94.75,Drowsy !,0.36
2025-07-13 11:47:30,0.2695,94.79,Drowsy !,0.40
2025-07-13 11:47:30,0.2684,94.79,Drowsy !,0.44
2025-07-13 11:47:30,0.2680,94.68,Drowsy !,0.48
2025-07-13 11:47:30,0.2684,94.57,Drowsy !,0.52
2025-07-13 11:47:30,0.2711,94.53,Drowsy !,0.56
2025-07-13 11:47:30,0.2712,94.38,Drowsy !,0.61
2025-07-13 11:47:30,0.2705,94.27,Drowsy !,0.65
2025-07-13 11:47:30,0.2713,94.27,Drowsy !,0.70
2025-07-13 11:47:30,0.2709,94.20,Drowsy !,0.74
2025-07-13 11:47:30,0.2703,94.17,Drowsy !,0.79
2025-07-13 11:47:30,0.2714,94.13,Drowsy !,0.83
2025-07-13 11:47:32,0.2698,94.37,Drowsy !,1.85
2025-07-13 11:47:32,0.2693,94.45,Drowsy !,1.88
2025-07-13 11:47:32,0.2666,94.49,Drowsy !,1.95
2025-07-13 11:47:32,0.2645,94.57,Drowsy !,2.00
2025-07-13 11:47:32,0.2632,94.73,Drowsy !,2.04
2025-07-13 11:47:32,0.2629,95.39,Drowsy !,2.25
2025-07-13 11:47:32,0.2616,96.17,Drowsy !,2.29
2025-07-13 11:47:32,0.2608,96.99,Drowsy !,2.33
2025-07-13 11:47:32,0.2600,97.83,Drowsy !,2.37
2025-07-13 11:47:32,0.2599,98.58,Drowsy !,2.41
2025-07-13 11:47:32,0.2611,99.40,Drowsy !,2.46
2025-07-13 11:47:32,0.2615,100.13,Drowsy !,2.50
2025-07-13 11:47:32,0.2638,100.98,Drowsy !,2.54
2025-07-13 11:47:32,0.2662,101.83,Drowsy !,2.58
2025-07-13 11:47:32,0.2660,102.49,Drowsy !,2.62
2025-07-13 11:47:32,0.2641,102.65,Drowsy !,2.68
2025-07-13 11:47:32,0.2632,102.70,Drowsy !,2.72
2025-07-13 11:47:32,0.2641,102.67,Drowsy !,2.76
2025-07-13 11:47:32,0.2651,102.62,Drowsy !,2.80
2025-07-13 11:47:34,0.2571,86.51,Drowsy !,3.84
2025-07-13 11:47:34,0.2558,86.27,Drowsy !,3.88
2025-07-13 11:47:34,0.2553,86.07,Drowsy !,3.92
2025-07-13 11:47:34,0.2545,85.79,Drowsy !,3.96
2025-07-13 11:47:34,0.2567,85.64,Drowsy !,4.01
2025-07-13 11:47:34,0.2586,85.60,Drowsy !,4.06
2025-07-13 11:47:34,0.2664,85.59,Drowsy !,4.10
2025-07-13 11:47:34,0.2758,85.57,Drowsy !,4.14
2025-07-13 11:47:34,0.2839,85.45,Drowsy !,4.18
2025-07-13 11:47:34,0.2925,85.41,Drowsy !,4.22
2025-07-13 11:47:34,0.3010,85.29,Active :),4.27
2025-07-13 11:47:34,0.3103,85.02,Active :),4.31
2025-07-13 11:47:34,0.3176,84.75,Active :),4.35
2025-07-13 11:47:34,0.3252,84.54,Active :),4.40
2025-07-13 11:47:34,0.3311,84.55,Active :),4.44
2025-07-13 11:47:34,0.3373,84.48,Active :),4.48
2025-07-13 11:47:34,0.3375,84.38,Active :),4.53
2025-07-13 11:47:34,0.3361,84.30,Active :),4.57
2025-07-13 11:47:34,0.3361,84.33,Active :),4.61
2025-07-13 11:47:34,0.3378,84.42,Active :),4.65
2025-07-13 11:47:34,0.3397,84.59,Active :),4.69
2025-07-13 11:47:34,0.3392,84.71,Active :),4.73
2025-07-13 11:47:34,0.3408,84.84,Active :),4.77
2025-07-13 11:47:34,0.3445,85.00,Active :),4.82
2025-07-13 11:47:36,0.2754,91.10,Active :),0.00
2025-07-13 11:47:36,0.2730,91.10,Active :),0.00
2025-07-13 11:47:36,0.2701,91.06,Drowsy !,0.00
2025-07-13 11:47:36,0.2676,90.98,Drowsy !,0.04
2025-07-13 11:47:36,0.2652,90.86,Drowsy !,0.08
2025-07-13 11:47:36,0.2605,90.70,Drowsy !,0.13
2025-07-13 11:47:36,0.2581,90.59,Drowsy !,0.17
2025-07-13 11:47:36,0.2571,90.51,Drowsy !,0.21
2025-07-13 11:47:36,0.2575,90.47,Drowsy !,0.28
2025-07-13 11:47:36,0.2582,90.43,Drowsy !,0.33
2025-07-13 11:47:36,0.2585,90.43,Drowsy !,0.37
2025-07-13 11:47:36,0.2597,90.43,Drowsy !,0.41
2025-07-13 11:47:36,0.2614,90.43,Drowsy !,0.45
2025-07-13 11:47:36,0.2628,90.47,Drowsy !,0.50
2025-07-13 11:47:36,0.2636,90.51,Drowsy !,0.54
2025-07-13 11:47:36,0.2666,90.58,Drowsy !,0.58
2025-07-13 11:47:36,0.2721,90.66,Drowsy !,0.63
2025-07-13 11:47:36,0.2795,90.74,Drowsy !,0.68
2025-07-13 11:47:36,0.2852,90.82,Drowsy !,0.73
2025-07-13 11:47:36,0.2916,90.89,Drowsy !,0.77
2025-07-13 11:47:36,0.2983,90.93,Drowsy !,0.81
2025-07-13 11:47:36,0.3054,90.97,Drowsy !,0.86
2025-07-13 11:47:38,0.3159,92.29,Active :),0.06
2025-07-13 11:47:38,0.3114,92.25,Active :),0.11
2025-07-13 11:47:38,0.3050,92.10,Active :),0.15
2025-07-13 11:47:38,0.3017,91.86,Active :),0.19
2025-07-13 11:47:38,0.3004,91.67,Active :),0.24
2025-07-13 11:47:38,0.2986,91.51,Active :),0.28
2025-07-13 11:47:38,0.2976,91.31,Active :),0.32
2025-07-13 11:47:38,0.3036,91.00,Active :),0.36
2025-07-13 11:47:38,0.3089,90.69,Active :),0.40
2025-07-13 11:47:38,0.3155,90.45,Active :),0.46
2025-07-13 11:47:38,0.3195,90.30,Active :),0.51
2025-07-13 11:47:38,0.3236,90.10,Active :),0.55
2025-07-13 11:47:38,0.3295,90.03,Active :),0.59
2025-07-13 11:47:38,0.3362,89.99,Active :),0.63
2025-07-13 11:47:38,0.3410,89.91,Active :),0.67
2025-07-13 11:47:38,0.3452,89.80,Active :),0.71
2025-07-13 11:47:38,0.3482,89.77,Active :),0.75
2025-07-13 11:47:38,0.3474,89.77,Active :),0.80
2025-07-13 11:47:38,0.3456,89.81,Active :),0.87
2025-07-13 11:47:38,0.3438,89.77,Active :),0.91
2025-07-13 11:47:38,0.3435,89.73,Active :),0.95
2025-07-13 11:47:38,0.3433,89.73,Active :),0.99
2025-07-13 11:47:40,0.3002,89.85,Active :),0.18
2025-07-13 11:47:40,0.2995,89.96,Active :),0.22
2025-07-13 11:47:40,0.2967,90.11,Active :),0.27
2025-07-13 11:47:40,0.2935,90.23,Active :),0.00
2025-07-13 11:47:40,0.2904,90.30,Active :),0.00
2025-07-13 11:47:40,0.2888,90.38,Active :),0.04
2025-07-13 11:47:40,0.2897,90.42,Active :),0.08
2025-07-13 11:47:40,0.2906,90.53,Active :),0.14
2025-07-13 11:47:40,0.2915,90.61,Active :),0.19
2025-07-13 11:47:40,0.2921,90.65,Active :),0.23
2025-07-13 11:47:40,0.2942,90.73,Active :),0.28
2025-07-13 11:47:40,0.2970,90.73,Active :),0.32
2025-07-13 11:47:40,0.3003,90.73,Active :),0.37
2025-07-13 11:47:40,0.3038,90.77,Active :),0.41
2025-07-13 11:47:40,0.3059,90.84,Active :),0.44
2025-07-13 11:47:40,0.3076,90.88,Active :),0.48
2025-07-13 11:47:40,0.3097,90.88,Active :),0.54
2025-07-13 11:47:40,0.3106,90.84,Active :),0.59
2025-07-13 11:47:40,0.3122,90.81,Active :),0.63
2025-07-13 11:47:40,0.3165,90.80,Active :),0.68
2025-07-13 11:47:40,0.3193,90.80,Active :),0.72
2025-07-13 11:47:40,0.3199,90.80,Active :),0.76
2025-07-13 11:47:40,0.3200,90.80,Active :),0.80
2025-07-13 11:47:42,0.3018,91.48,Active :),0.52
2025-07-13 11:47:42,0.3047,91.56,Active :),0.57
2025-07-13 11:47:42,0.3071,91.63,Active :),0.61
2025-07-13 11:47:42,0.3117,91.67,Active :),0.65
2025-07-13 11:47:42,0.3190,91.67,Active :),0.69
2025-07-13 11:47:42,0.3219,91.64,Active :),0.73
2025-07-13 11:47:42,0.3252,91.64,Active :),0.80
2025-07-13 11:47:42,0.3286,91.64,Active :),0.84
2025-07-13 11:47:42,0.3276,91.68,Active :),0.88
2025-07-13 11:47:42,0.3272,91.71,Active :),0.92
2025-07-13 11:47:42,0.3259,91.71,Active :),0.96
2025-07-13 11:47:42,0.3222,91.71,Active :),1.00
2025-07-13 11:47:42,0.3190,91.70,Active :),1.04
2025-07-13 11:47:42,0.3154,91.66,Active :),1.08
2025-07-13 11:47:42,0.3091,91.66,Active :),1.13
2025-07-13 11:47:42,0.3056,91.70,Active :),1.17
2025-07-13 11:47:42,0.3005,91.73,Active :),1.21
2025-07-13 11:47:42,0.2974,91.81,Active :),1.25
2025-07-13 11:47:42,0.2906,91.77,Active :),0.00
2025-07-13 11:47:42,0.2840,91.77,Active :),0.00
2025-07-13 11:47:42,0.2774,91.80,Active :),0.00
2025-07-13 11:47:42,0.2733,91.84,Active :),0.00
2025-07-13 11:47:44,0.2922,92.15,Drowsy !,0.18
2025-07-13 11:47:44,0.2954,92.19,Drowsy !,0.23
2025-07-13 11:47:44,0.2975,92.23,Drowsy !,0.27
2025-07-13 11:47:44,0.3006,92.34,Active :),0.31
2025-07-13 11:47:44,0.3044,92.42,Active :),0.35
2025-07-13 11:47:44,0.3082,92.50,Active :),0.39
2025-07-13 11:47:44,0.3146,92.54,Active :),0.43
2025-07-13 11:47:44,0.3183,92.62,Active :),0.47
2025-07-13 11:47:44,0.3292,92.70,Active :),0.52
2025-07-13 11:47:44,0.3393,92.73,Active :),0.56
2025-07-13 11:47:44,0.3520,92.84,Active :),0.63
2025-07-13 11:47:44,0.3636,92.95,Active :),0.67
2025-07-13 11:47:44,0.3774,93.14,Active :),0.71
2025-07-13 11:47:44,0.3903,93.25,Active :),0.75
2025-07-13 11:47:44,0.4031,93.36,Active :),0.80
2025-07-13 11:47:44,0.4132,93.47,Active :),0.84
2025-07-13 11:47:44,0.4174,93.65,Active :),0.90
2025-07-13 11:47:44,0.4217,93.83,Active :),0.94
2025-07-13 11:47:44,0.4152,93.95,Active :),0.98
2025-07-13 11:47:44,0.4081,94.11,Active :),1.03
2025-07-13 11:47:44,0.4001,94.23,Active :),1.08
2025-07-13 11:47:44,0.3927,94.46,Active :),1.12
2025-07-13 11:47:44,0.3832,94.62,Active :),1.16
2025-07-13 11:47:46,0.2904,95.01,Active :),0.25
2025-07-13 11:47:46,0.2914,94.37,Active :),0.32
2025-07-13 11:47:46,0.2935,93.76,Active :),0.36
2025-07-13 11:47:46,0.2956,93.15,Active :),0.40
2025-07-13 11:47:46,0.2970,92.48,Active :),0.44
2025-07-13 11:47:46,0.2966,91.85,Active :),0.48
2025-07-13 11:47:46,0.2990,91.07,Active :),0.52
2025-07-13 11:47:46,0.3011,90.55,Active :),0.57
2025-07-13 11:47:46,0.3017,90.07,Active :),0.61
2025-07-13 11:47:46,0.3001,89.52,Active :),0.00
2025-07-13 11:47:46,0.3032,89.15,Active :),0.06
2025-07-13 11:47:46,0.3063,88.93,Active :),0.10
2025-07-13 11:47:46,0.3094,88.71,Active :),0.14
2025-07-13 11:47:46,0.3102,88.42,Active :),0.18
2025-07-13 11:47:46,0.3118,88.20,Active :),0.23
2025-07-13 11:47:46,0.3148,87.98,Active :),0.26
2025-07-13 11:47:46,0.3148,88.02,Active :),0.32
2025-07-13 11:47:46,0.3161,88.02,Active :),0.36
2025-07-13 11:47:46,0.3175,87.98,Active :),0.40
2025-07-13 11:47:46,0.3197,88.09,Active :),0.46
2025-07-13 11:47:46,0.3176,88.16,Active :),0.50
2025-07-13 11:47:46,0.3154,88.23,Active :),0.54
2025-07-13 11:47:46,0.3146,88.27,Active :),0.58
2025-07-13 11:47:48,0.2783,87.45,Active :),0.00
2025-07-13 11:47:48,0.2724,87.12,Active :),0.00
2025-07-13 11:47:48,0.2694,86.83,Active :),0.04
2025-07-13 11:47:48,0.2702,86.65,Active :),0.09
2025-07-13 11:47:48,0.2718,86.50,Active :),0.13
2025-07-13 11:47:48,0.2739,86.43,Active :),0.17
2025-07-13 11:47:48,0.2754,86.40,Active :),0.22
2025-07-13 11:47:48,0.2765,86.56,Active :),0.00
2025-07-13 11:47:48,0.2770,86.71,Active :),0.00
2025-07-13 11:47:48,0.2734,86.89,Active :),0.00
2025-07-13 11:47:48,0.2726,87.11,Active :),0.00
2025-07-13 11:47:48,0.2733,87.34,Active :),0.00
2025-07-13 11:47:48,0.2711,87.52,Active :),0.00
2025-07-13 11:47:48,0.2711,87.75,Active :),0.04
2025-07-13 11:47:48,0.2701,87.94,Active :),0.08
2025-07-13 11:47:48,0.2714,88.30,Active :),0.12
2025-07-13 11:47:48,0.2710,88.60,Active :),0.00
2025-07-13 11:47:48,0.2706,88.82,Active :),0.00
2025-07-13 11:47:48,0.2694,89.03,Active :),0.00
2025-07-13 11:47:48,0.2723,89.22,Active :),0.00
2025-07-13 11:47:48,0.2748,89.36,Active :),0.00
2025-07-13 11:47:48,0.2758,89.50,Active :),0.00
2025-07-13 11:47:48,0.2788,89.65,Active :),0.04
2025-07-13 11:47:50,0.3275,91.20,Active :),0.67
2025-07-13 11:47:50,0.3273,91.17,Active :),0.71
2025-07-13 11:47:50,0.3271,91.24,Active :),0.76
2025-07-13 11:47:50,0.3268,91.27,Active :),0.81
2025-07-13 11:47:50,0.3264,91.23,Active :),0.85
2025-07-13 11:47:50,0.3251,91.27,Active :),0.89
2025-07-13 11:47:50,0.3256,91.30,Active :),0.93
2025-07-13 11:47:50,0.3273,91.34,Active :),0.97
2025-07-13 11:47:50,0.3284,91.37,Active :),1.01
2025-07-13 11:47:50,0.3293,91.41,Active :),1.06
2025-07-13 11:47:50,0.3297,91.52,Active :),1.10
2025-07-13 11:47:50,0.3277,91.63,Active :),1.14
2025-07-13 11:47:50,0.3253,91.67,Active :),1.18
2025-07-13 11:47:50,0.3206,91.74,Active :),1.22
2025-07-13 11:47:50,0.3164,91.85,Active :),1.27
2025-07-13 11:47:50,0.3131,91.89,Active :),1.32
2025-07-13 11:47:50,0.3110,91.85,Active :),1.36
2025-07-13 11:47:50,0.3078,91.82,Active :),1.40
2025-07-13 11:47:50,0.3017,91.78,Active :),0.00
2025-07-13 11:47:50,0.2959,91.74,Active :),0.00
2025-07-13 11:47:50,0.2921,91.78,Active :),0.04
2025-07-13 11:47:50,0.2907,91.82,Active :),0.08
2025-07-13 11:47:50,0.2897,91.89,Active :),0.12
2025-07-13 11:47:50,0.2910,91.97,Active :),0.18
2025-07-13 11:47:52,0.3970,92.42,Active :),1.19
2025-07-13 11:47:52,0.3900,92.42,Active :),1.24
2025-07-13 11:47:52,0.3821,92.38,Active :),1.28
2025-07-13 11:47:52,0.3778,92.38,Active :),1.32
2025-07-13 11:47:52,0.3748,92.41,Active :),1.36
2025-07-13 11:47:52,0.3704,92.41,Active :),1.40
2025-07-13 11:47:52,0.3637,92.33,Active :),1.45
2025-07-13 11:47:52,0.3557,92.29,Active :),1.49
2025-07-13 11:47:52,0.3466,92.29,Active :),1.53
2025-07-13 11:47:52,0.3414,92.26,Active :),1.57
2025-07-13 11:47:52,0.3383,92.22,Active :),1.61
2025-07-13 11:47:52,0.3358,92.22,Active :),1.66
2025-07-13 11:47:52,0.3344,92.26,Active :),1.70
2025-07-13 11:47:52,0.3308,92.26,Active :),1.74
2025-07-13 11:47:52,0.3258,92.22,Active :),1.78
2025-07-13 11:47:52,0.3234,92.15,Active :),1.82
2025-07-13 11:47:52,0.3233,92.15,Active :),1.87
2025-07-13 11:47:52,0.3227,92.22,Active :),1.91
2025-07-13 11:47:52,0.3232,92.26,Active :),1.95
2025-07-13 11:47:52,0.3234,92.22,Active :),1.99
2025-07-13 11:47:52,0.3237,92.19,Active :),2.03
2025-07-13 11:47:52,0.3227,92.15,Active :),2.08
2025-07-13 11:47:52,0.3209,92.12,Active :),2.12
2025-07-13 11:47:52,0.3213,92.12,Active :),2.16
2025-07-13 11:47:54,0.2873,92.26,Active :),3.21
2025-07-13 11:47:54,0.2856,92.26,Active :),3.25
2025-07-13 11:47:54,0.2850,92.33,Active :),3.29
2025-07-13 11:47:54,0.2855,92.41,Active :),3.33
2025-07-13 11:47:54,0.2837,92.44,Active :),0.00
2025-07-13 11:47:54,0.2830,92.44,Active :),0.00
2025-07-13 11:47:54,0.2816,92.41,Active :),0.00
2025-07-13 11:47:54,0.2793,92.41,Active :),0.00
2025-07-13 11:47:54,0.2802,92.41,Active :),0.04
2025-07-13 11:47:54,0.2813,92.44,Active :),0.10
2025-07-13 11:47:54,0.2818,92.48,Active :),0.14
2025-07-13 11:47:54,0.2815,92.52,Active :),0.18
2025-07-13 11:47:54,0.2802,92.48,Active :),0.23
2025-07-13 11:47:54,0.2771,92.44,Active :),0.00
2025-07-13 11:47:54,0.2762,92.44,Active :),0.00
2025-07-13 11:47:54,0.2769,92.41,Active :),0.04
2025-07-13 11:47:54,0.2783,92.41,Active :),0.08
2025-07-13 11:47:54,0.2801,92.37,Active :),0.12
2025-07-13 11:47:54,0.2798,92.33,Active :),0.16
2025-07-13 11:47:54,0.2786,92.30,Active :),0.20
2025-07-13 11:47:54,0.2777,92.26,Active :),0.26
2025-07-13 11:47:54,0.2774,92.22,Active :),0.30
2025-07-13 11:47:54,0.2786,92.19,Active :),0.35
2025-07-13 11:47:54,0.2817,92.15,Active :),0.39
2025-07-13 11:47:56,0.3330,92.43,Active :),1.43
2025-07-13 11:47:56,0.3344,92.40,Active :),1.48
2025-07-13 11:47:56,0.3339,92.36,Active :),1.54
2025-07-13 11:47:56,0.3342,92.33,Active :),1.59
2025-07-13 11:47:56,0.3344,92.29,Active :),1.63
2025-07-13 11:47:56,0.3325,92.26,Active :),1.67
2025-07-13 11:47:56,0.3305,92.22,Active :),1.71
2025-07-13 11:47:56,0.3275,92.22,Active :),1.75
2025-07-13 11:47:56,0.3236,92.22,Active :),1.80
2025-07-13 11:47:56,0.3214,92.22,Active :),1.84
2025-07-13 11:47:56,0.3194,92.25,Active :),1.88
2025-07-13 11:47:56,0.3184,92.25,Active :),1.94
2025-07-13 11:47:56,0.3179,92.29,Active :),1.98
2025-07-13 11:47:56,0.3173,92.29,Active :),2.02
2025-07-13 11:47:56,0.3167,92.29,Active :),2.07
2025-07-13 11:47:56,0.3166,92.29,Active :),2.11
2025-07-13 11:47:56,0.3167,92.29,Active :),2.16
2025-07-13 11:47:56,0.3168,92.33,Active :),2.20
2025-07-13 11:47:56,0.3178,92.37,Active :),2.24
2025-07-13 11:47:56,0.3182,92.37,Active :),2.28
2025-07-13 11:47:56,0.3194,92.37,Active :),2.34
2025-07-13 11:47:56,0.3201,92.37,Active :),2.38
2025-07-13 11:47:58,0.3462,92.37,Active :),3.40
2025-07-13 11:47:58,0.3443,92.41,Active :),3.45
2025-07-13 11:47:58,0.3437,92.41,Active :),3.49
2025-07-13 11:47:58,0.3432,92.45,Active :),3.54
2025-07-13 11:47:58,0.3442,92.45,Active :),3.58
2025-07-13 11:47:58,0.3456,92.45,Active :),3.62
2025-07-13 11:47:58,0.3456,92.52,Active :),3.66
2025-07-13 11:47:58,0.3449,92.56,Active :),3.70
2025-07-13 11:47:58,0.3293,92.57,Active :),0.00
2025-07-13 11:47:58,0.3144,92.57,Active :),0.00
2025-07-13 11:47:58,0.2996,92.57,Active :),0.00
2025-07-13 11:47:58,0.2832,92.50,Active :),0.00
2025-07-13 11:47:58,0.2669,92.43,Active :),0.00
2025-07-13 11:47:58,0.2506,92.40,Active :),0.00
2025-07-13 11:47:58,0.2329,92.40,SLEEPING !!!,0.00
2025-07-13 11:47:58,0.2152,92.40,SLEEPING !!!,0.04
2025-07-13 11:47:58,0.1989,92.33,SLEEPING !!!,0.08
2025-07-13 11:47:58,0.1810,92.26,SLEEPING !!!,0.12
2025-07-13 11:47:58,0.1780,92.23,SLEEPING !!!,0.16
2025-07-13 11:47:58,0.1764,92.23,SLEEPING !!!,0.20
2025-07-13 11:47:58,0.1734,92.15,SLEEPING !!!,0.28
2025-07-13 11:47:58,0.1719,92.15,SLEEPING !!!,0.32
2025-07-13 11:47:58,0.1697,92.16,SLEEPING !!!,0.36
2025-07-13 11:48:06,0.2441,92.43,Drowsy !,0.00
2025-07-13 11:48:06,0.2540,92.61,Drowsy !,0.04
2025-07-13 11:48:06,0.2636,92.78,Drowsy !,0.09
2025-07-13 11:48:06,0.2694,92.96,Drowsy !,0.14
2025-07-13 11:48:06,0.2699,93.18,Drowsy !,0.18
2025-07-13 11:48:08,0.3306,94.20,Active :),1.24
2025-07-13 11:48:08,0.3308,94.13,Active :),1.28
2025-07-13 11:48:08,0.3324,94.13,Active :),1.32
2025-07-13 11:48:08,0.3348,94.13,Active :),1.36
2025-07-13 11:48:08,0.3348,94.09,Active :),1.41
2025-07-13 11:48:08,0.3370,94.13,Active :),1.46
2025-07-13 11:48:08,0.3376,94.17,Active :),1.51
2025-07-13 11:48:08,0.3363,94.17,Active :),1.55
2025-07-13 11:48:08,0.3378,94.13,Active :),1.59
2025-07-13 11:48:08,0.3362,94.10,Active :),1.63
2025-07-13 11:48:08,0.3324,94.14,Active :),1.67
2025-07-13 11:48:08,0.3291,94.19,Active :),1.71
2025-07-13 11:48:08,0.3239,94.23,Active :),0.00
2025-07-13 11:48:08,0.3192,94.26,Active :),0.04
2025-07-13 11:48:08,0.3144,94.30,Active :),0.11
2025-07-13 11:48:08,0.3081,94.31,Active :),0.15
2025-07-13 11:48:08,0.3008,94.31,Active :),0.00
2025-07-13 11:48:08,0.2954,94.35,Active :),0.00
2025-07-13 11:48:08,0.2912,94.35,Active :),0.04
2025-07-13 11:48:08,0.2891,94.38,Active :),0.00
2025-07-13 11:48:08,0.2870,94.38,Active :),0.00
2025-07-13 11:48:08,0.2856,94.38,Active :),0.00
2025-07-13 11:48:08,0.2869,94.34,Active :),0.00
2025-07-13 11:48:10,0.3147,94.53,Active :),0.75
2025-07-13 11:48:10,0.3134,94.57,Active :),0.79
2025-07-13 11:48:10,0.3124,94.57,Active :),0.83
2025-07-13 11:48:10,0.3112,94.57,Active :),0.87
2025-07-13 11:48:10,0.3100,94.57,Active :),0.91
2025-07-13 11:48:10,0.3086,94.57,Active :),0.95
2025-07-13 11:48:10,0.3064,94.57,Active :),1.01
2025-07-13 11:48:10,0.3042,94.57,Active :),1.06
2025-07-13 11:48:10,0.3016,94.53,Active :),0.00
2025-07-13 11:48:10,0.2956,94.53,Active :),0.00
2025-07-13 11:48:10,0.2917,94.53,Active :),0.00
2025-07-13 11:48:10,0.2884,94.49,Active :),0.00
2025-07-13 11:48:10,0.2848,94.49,Active :),0.00
2025-07-13 11:48:10,0.2812,94.48,Active :),0.00
2025-07-13 11:48:10,0.2763,94.48,Drowsy !,0.00
2025-07-13 11:48:10,0.2706,94.45,Drowsy !,0.04
2025-07-13 11:48:10,0.2650,94.42,Drowsy !,0.08
2025-07-13 11:48:10,0.2616,94.38,Drowsy !,0.12
2025-07-13 11:48:10,0.2585,94.35,Drowsy !,0.17
2025-07-13 11:48:10,0.2574,94.28,Drowsy !,0.22
2025-07-13 11:48:10,0.2563,94.17,Drowsy !,0.00
2025-07-13 11:48:10,0.2546,94.11,Drowsy !,0.00
2025-07-13 11:48:10,0.2528,94.05,Drowsy !,0.00
2025-07-13 11:48:12,0.2043,95.40,SLEEPING !!!,0.86
2025-07-13 11:48:12,0.2057,95.21,SLEEPING !!!,0.90
2025-07-13 11:48:12,0.2070,95.02,SLEEPING !!!,0.94
2025-07-13 11:48:12,0.2077,94.83,SLEEPING !!!,0.99
2025-07-13 11:48:12,0.2092,94.72,SLEEPING !!!,1.03
2025-07-13 11:48:12,0.2148,94.57,SLEEPING !!!,0.00
2025-07-13 11:48:12,0.2223,94.31,SLEEPING !!!,0.00
2025-07-13 11:48:12,0.2305,94.12,SLEEPING !!!,0.00
2025-07-13 11:48:12,0.2392,93.92,SLEEPING !!!,0.00
2025-07-13 11:48:12,0.2463,93.70,SLEEPING !!!,0.00
2025-07-13 11:48:12,0.2533,93.59,SLEEPING !!!,0.00
2025-07-13 11:48:12,0.2603,93.49,Drowsy !,0.00
2025-07-13 11:48:12,0.2665,93.32,Drowsy !,0.04
2025-07-13 11:48:12,0.2733,93.16,Drowsy !,0.08
2025-07-13 11:48:12,0.2791,92.89,Drowsy !,0.13
2025-07-13 11:48:12,0.2821,92.62,Drowsy !,0.18
2025-07-13 11:48:12,0.2825,92.43,Drowsy !,0.22
2025-07-13 11:48:12,0.2850,92.20,Drowsy !,0.26
2025-07-13 11:48:12,0.2872,91.99,Drowsy !,0.32
2025-07-13 11:48:12,0.2893,91.75,Drowsy !,0.36
2025-07-13 11:48:12,0.2913,91.52,Drowsy !,0.41
2025-07-13 11:48:12,0.2921,91.29,Drowsy !,0.45
2025-07-13 11:48:14,0.2873,89.65,Active :),0.08
2025-07-13 11:48:14,0.2888,89.69,Active :),0.12
2025-07-13 11:48:14,0.2880,89.73,Active :),0.16
2025-07-13 11:48:14,0.2880,89.72,Active :),0.20
2025-07-13 11:48:14,0.2897,89.76,Active :),0.25
2025-07-13 11:48:14,0.2927,89.88,Active :),0.29
2025-07-13 11:48:14,0.2959,89.92,Active :),0.33
2025-07-13 11:48:14,0.2982,89.88,Active :),0.37
2025-07-13 11:48:14,0.3002,89.84,Active :),0.44
2025-07-13 11:48:14,0.3011,89.84,Active :),0.48
2025-07-13 11:48:14,0.3007,89.88,Active :),0.52
2025-07-13 11:48:14,0.3002,89.88,Active :),0.56
2025-07-13 11:48:14,0.2998,89.88,Active :),0.00
2025-07-13 11:48:14,0.2986,89.92,Active :),0.00
2025-07-13 11:48:14,0.2997,89.92,Active :),0.04
2025-07-13 11:48:14,0.2995,89.84,Active :),0.08
2025-07-13 11:48:14,0.2971,89.76,Active :),0.13
2025-07-13 11:48:14,0.2983,89.84,Active :),0.19
2025-07-13 11:48:14,0.2997,89.92,Active :),0.23
2025-07-13 11:48:14,0.3010,90.00,Active :),0.28
2025-07-13 11:48:14,0.3036,90.04,Active :),0.32
2025-07-13 11:48:14,0.3036,90.08,Active :),0.36
2025-07-13 11:48:14,0.3036,90.12,Active :),0.40
2025-07-13 11:48:16,0.3174,90.39,Active :),1.45
2025-07-13 11:48:16,0.3146,90.35,Active :),1.49
2025-07-13 11:48:16,0.3118,90.27,Active :),1.55
2025-07-13 11:48:16,0.3125,90.24,Active :),1.59
2025-07-13 11:48:16,0.3136,90.24,Active :),1.62
2025-07-13 11:48:16,0.3112,90.24,Active :),1.66
2025-07-13 11:48:16,0.3106,90.24,Active :),1.70
2025-07-13 11:48:16,0.3111,90.28,Active :),1.74
2025-07-13 11:48:16,0.3074,90.24,Active :),0.00
2025-07-13 11:48:16,0.3057,90.16,Active :),0.00
2025-07-13 11:48:16,0.3035,90.12,Active :),0.00
2025-07-13 11:48:16,0.3032,90.08,Active :),0.06
2025-07-13 11:48:16,0.3031,90.08,Active :),0.10
2025-07-13 11:48:16,0.3007,90.08,Active :),0.00
2025-07-13 11:48:16,0.2981,90.04,Active :),0.00
2025-07-13 11:48:16,0.2946,90.04,Active :),0.00
2025-07-13 11:48:16,0.2893,90.04,Active :),0.00
2025-07-13 11:48:16,0.2788,90.04,Active :),0.00
2025-07-13 11:48:16,0.2725,90.12,Active :),0.00
2025-07-13 11:48:16,0.2634,90.24,Active :),0.00
2025-07-13 11:48:16,0.2545,90.32,Active :),0.00
2025-07-13 11:48:16,0.2450,90.36,Active :),0.00
2025-07-13 11:48:16,0.2405,90.47,Active :),0.00
2025-07-13 11:48:18,0.1856,90.99,SLEEPING !!!,0.12
2025-07-13 11:48:18,0.1832,91.03,SLEEPING !!!,0.16
2025-07-13 11:48:18,0.1809,91.18,SLEEPING !!!,0.20
2025-07-13 11:48:18,0.1792,91.38,SLEEPING !!!,0.27
2025-07-13 11:48:18,0.1785,91.49,SLEEPING !!!,0.30
2025-07-13 11:48:18,0.1748,91.53,SLEEPING !!!,0.35
2025-07-13 11:48:18,0.1700,91.54,SLEEPING !!!,0.39
2025-07-13 11:48:18,0.1652,91.55,SLEEPING !!!,0.44
2025-07-13 11:48:18,0.1618,91.51,SLEEPING !!!,0.48
2025-07-13 11:48:18,0.1583,91.51,SLEEPING !!!,0.52
2025-07-13 11:48:18,0.1567,91.52,SLEEPING !!!,0.56
2025-07-13 11:48:18,0.1557,91.65,SLEEPING !!!,0.60
2025-07-13 11:48:18,0.1544,91.70,SLEEPING !!!,0.67
2025-07-13 11:48:18,0.1524,91.71,SLEEPING !!!,0.71
2025-07-13 11:48:18,0.1557,91.69,SLEEPING !!!,0.75
2025-07-13 11:48:18,0.1622,91.75,SLEEPING !!!,0.80
2025-07-13 11:48:18,0.1711,91.92,SLEEPING !!!,0.84
2025-07-13 11:48:18,0.1800,92.09,SLEEPING !!!,0.88
2025-07-13 11:48:18,0.1889,92.22,SLEEPING !!!,0.94
2025-07-13 11:48:18,0.1979,92.32,SLEEPING !!!,0.98
2025-07-13 11:48:18,0.2076,92.42,SLEEPING !!!,1.02
2025-07-13 11:48:18,0.2173,92.29,SLEEPING !!!,1.06
2025-07-13 11:48:20,0.3483,92.18,Active :),0.50
2025-07-13 11:48:20,0.3451,92.17,Active :),0.54
2025-07-13 11:48:20,0.3414,92.17,Active :),0.58
2025-07-13 11:48:20,0.3381,92.12,Active :),0.62
2025-07-13 11:48:20,0.3355,92.03,Active :),0.66
2025-07-13 11:48:20,0.3308,91.95,Active :),0.70
2025-07-13 11:48:20,0.3279,91.90,Active :),0.75
2025-07-13 11:48:20,0.3243,91.82,Active :),0.79
2025-07-13 11:48:20,0.3188,91.73,Active :),0.83
2025-07-13 11:48:20,0.3182,91.65,Active :),0.87
2025-07-13 11:48:20,0.3179,91.53,Active :),0.92
2025-07-13 11:48:20,0.3175,91.44,Active :),0.97
2025-07-13 11:48:20,0.3186,91.36,Active :),1.01
2025-07-13 11:48:20,0.3193,91.33,Active :),1.05
2025-07-13 11:48:20,0.3205,91.33,Active :),1.09
2025-07-13 11:48:20,0.3238,91.33,Active :),1.14
2025-07-13 11:48:20,0.3281,91.25,Active :),1.18
2025-07-13 11:48:20,0.3329,91.21,Active :),1.22
2025-07-13 11:48:20,0.3408,91.21,Active :),1.26
2025-07-13 11:48:20,0.3437,91.13,Active :),1.33
2025-07-13 11:48:20,0.3461,91.09,Active :),1.38
2025-07-13 11:48:20,0.3526,91.01,Active :),1.42
2025-07-13 11:48:20,0.3575,90.94,Active :),1.46
2025-07-13 11:48:22,0.3465,89.92,Active :),0.56
2025-07-13 11:48:22,0.3472,89.88,Active :),0.61
2025-07-13 11:48:22,0.3471,89.92,Active :),0.67
2025-07-13 11:48:22,0.3472,89.96,Active :),0.72
2025-07-13 11:48:22,0.3485,90.00,Active :),0.76
2025-07-13 11:48:22,0.3507,90.08,Active :),0.80
2025-07-13 11:48:22,0.3520,90.08,Active :),0.84
2025-07-13 11:48:22,0.3519,90.04,Active :),0.89
2025-07-13 11:48:22,0.3518,90.00,Active :),0.94
2025-07-13 11:48:22,0.3504,90.00,Active :),0.99
2025-07-13 11:48:22,0.3490,90.00,Active :),1.04
2025-07-13 11:48:22,0.3505,90.04,Active :),1.08
2025-07-13 11:48:22,0.3521,90.00,Active :),1.12
2025-07-13 11:48:22,0.3531,89.96,Active :),1.16
2025-07-13 11:48:22,0.3528,89.92,Active :),1.20
2025-07-13 11:48:22,0.3545,89.84,Active :),1.24
2025-07-13 11:48:22,0.3571,89.84,Active :),1.28
2025-07-13 11:48:22,0.3584,89.88,Active :),1.32
2025-07-13 11:48:22,0.3597,89.92,Active :),1.37
2025-07-13 11:48:22,0.3626,89.88,Active :),1.41
2025-07-13 11:48:22,0.3661,89.88,Active :),1.47
2025-07-13 11:48:22,0.3655,89.88,Active :),1.51
2025-07-13 11:48:24,0.3579,90.12,Active :),2.59
2025-07-13 11:48:24,0.3573,90.08,Active :),2.64
2025-07-13 11:48:24,0.3567,90.04,Active :),2.68
2025-07-13 11:48:24,0.3559,90.16,Active :),2.73
2025-07-13 11:48:24,0.3553,90.24,Active :),2.77
2025-07-13 11:48:24,0.3562,90.24,Active :),2.81
2025-07-13 11:48:24,0.3579,90.20,Active :),2.85
2025-07-13 11:48:24,0.3590,90.16,Active :),2.90
2025-07-13 11:48:24,0.3594,90.16,Active :),2.94
2025-07-13 11:48:24,0.3590,90.12,Active :),2.98
2025-07-13 11:48:24,0.3590,90.08,Active :),3.02
2025-07-13 11:48:24,0.3584,90.08,Active :),3.07
2025-07-13 11:48:24,0.3580,90.08,Active :),3.12
2025-07-13 11:48:24,0.3588,89.96,Active :),3.17
2025-07-13 11:48:24,0.3596,89.88,Active :),3.21
2025-07-13 11:48:24,0.3589,89.88,Active :),3.25
2025-07-13 11:48:24,0.3581,89.92,Active :),3.29
2025-07-13 11:48:24,0.3580,89.96,Active :),3.33
2025-07-13 11:48:24,0.3573,89.96,Active :),3.37
2025-07-13 11:48:24,0.3576,90.00,Active :),3.41
2025-07-13 11:48:24,0.3589,90.04,Active :),3.46
2025-07-13 11:48:24,0.3608,90.04,Active :),3.50
2025-07-13 11:48:24,0.3620,90.04,Active :),3.53
2025-07-13 11:48:26,0.3429,89.88,Active :),4.58
2025-07-13 11:48:26,0.3412,89.84,Active :),4.62
2025-07-13 11:48:26,0.3404,89.84,Active :),4.67
2025-07-13 11:48:26,0.3402,89.84,Active :),4.71
2025-07-13 11:48:26,0.3404,89.88,Active :),4.75
2025-07-13 11:48:26,0.3398,89.92,Active :),4.79
2025-07-13 11:48:26,0.3397,89.92,Active :),4.83
2025-07-13 11:48:26,0.3402,89.96,Active :),4.87
2025-07-13 11:48:26,0.3412,90.00,Active :),4.94
2025-07-13 11:48:26,0.3417,90.08,Active :),4.98
2025-07-13 11:48:26,0.3418,90.08,Active :),5.02
2025-07-13 11:48:26,0.3417,90.04,Active :),5.06
2025-07-13 11:48:26,0.3396,89.96,Active :),5.10
2025-07-13 11:48:26,0.3368,89.88,Active :),5.14
2025-07-13 11:48:26,0.3321,89.88,Active :),5.18
2025-07-13 11:48:26,0.3281,89.88,Active :),5.23
2025-07-13 11:48:26,0.3233,89.84,Active :),5.27
2025-07-13 11:48:26,0.3188,89.76,Active :),5.34
2025-07-13 11:48:26,0.3143,89.68,Active :),5.38
2025-07-13 11:48:26,0.3067,89.64,Active :),0.00
2025-07-13 11:48:26,0.2995,89.68,Active :),0.00
2025-07-13 11:48:26,0.2965,89.64,Active :),0.04
2025-07-13 11:48:26,0.2955,89.64,Active :),0.08
2025-07-13 11:48:28,0.2656,90.20,Drowsy !,0.28
2025-07-13 11:48:28,0.2667,90.24,Drowsy !,0.33
2025-07-13 11:48:28,0.2698,90.28,Drowsy !,0.38
2025-07-13 11:48:28,0.2737,90.28,Drowsy !,0.42
2025-07-13 11:48:28,0.2768,90.24,Drowsy !,0.46
2025-07-13 11:48:28,0.2797,90.24,Drowsy !,0.50
2025-07-13 11:48:28,0.2830,90.28,Drowsy !,0.54
2025-07-13 11:48:28,0.2839,90.32,Drowsy !,0.58
2025-07-13 11:48:28,0.2836,90.36,Drowsy !,0.62
2025-07-13 11:48:28,0.2857,90.32,Drowsy !,0.68
2025-07-13 11:48:28,0.2858,90.28,Drowsy !,0.72
2025-07-13 11:48:28,0.2847,90.24,Drowsy !,0.77
2025-07-13 11:48:28,0.2816,90.20,Drowsy !,0.81
2025-07-13 11:48:28,0.2806,90.16,Drowsy !,0.85
2025-07-13 11:48:28,0.2804,90.16,Drowsy !,0.89
2025-07-13 11:48:28,0.2784,90.12,Drowsy !,0.94
2025-07-13 11:48:28,0.2777,90.08,Drowsy !,0.98
2025-07-13 11:48:28,0.2784,90.00,Drowsy !,1.02
2025-07-13 11:48:28,0.2779,89.92,Drowsy !,1.07
2025-07-13 11:48:28,0.2775,89.92,Drowsy !,1.12
2025-07-13 11:48:28,0.2774,89.92,Drowsy !,1.16
2025-07-13 11:48:28,0.2787,89.92,Drowsy !,1.20
2025-07-13 11:48:30,0.3465,89.96,Active :),2.28
2025-07-13 11:48:30,0.3494,89.96,Active :),2.33
2025-07-13 11:48:30,0.3518,89.96,Active :),2.37
2025-07-13 11:48:30,0.3556,89.92,Active :),2.41
2025-07-13 11:48:30,0.3587,89.80,Active :),2.46
2025-07-13 11:48:30,0.3595,89.76,Active :),2.51
2025-07-13 11:48:30,0.3588,89.76,Active :),2.56
2025-07-13 11:48:30,0.3575,89.72,Active :),2.60
2025-07-13 11:48:30,0.3528,89.68,Active :),2.65
2025-07-13 11:48:30,0.3486,89.68,Active :),2.69
2025-07-13 11:48:30,0.3455,89.64,Active :),2.73
2025-07-13 11:48:30,0.3398,89.64,Active :),2.78
2025-07-13 11:48:30,0.3346,89.64,Active :),2.82
2025-07-13 11:48:30,0.3294,89.64,Active :),2.86
2025-07-13 11:48:30,0.3248,89.72,Active :),2.90
2025-07-13 11:48:30,0.3209,89.72,Active :),2.95
2025-07-13 11:48:30,0.3186,89.68,Active :),2.99
2025-07-13 11:48:30,0.3145,89.72,Active :),0.00
2025-07-13 11:48:30,0.3140,89.72,Active :),0.05
2025-07-13 11:48:30,0.3119,89.72,Active :),0.09
2025-07-13 11:48:30,0.3067,89.72,Active :),0.00
2025-07-13 11:48:30,0.3040,89.68,Active :),0.00
2025-07-13 11:48:32,0.4044,90.40,Active :),0.84
2025-07-13 11:48:32,0.3947,90.36,Active :),0.89
2025-07-13 11:48:32,0.3823,90.32,Active :),0.93
2025-07-13 11:48:32,0.3681,90.32,Active :),0.97
2025-07-13 11:48:32,0.3524,90.40,Active :),1.01
2025-07-13 11:48:32,0.3365,90.52,Active :),1.05
2025-07-13 11:48:32,0.3244,90.44,Active :),1.10
2025-07-13 11:48:32,0.3164,90.47,Active :),1.16
2025-07-13 11:48:32,0.3117,90.43,Active :),1.20
2025-07-13 11:48:32,0.3073,90.47,Active :),1.24
2025-07-13 11:48:32,0.3032,90.43,Active :),0.00
2025-07-13 11:48:32,0.3009,90.47,Active :),0.00
2025-07-13 11:48:32,0.2983,90.55,Active :),0.04
2025-07-13 11:48:32,0.2974,90.59,Active :),0.08
2025-07-13 11:48:32,0.2973,90.63,Active :),0.12
2025-07-13 11:48:32,0.2977,90.55,Active :),0.16
2025-07-13 11:48:32,0.3048,90.59,Active :),0.22
2025-07-13 11:48:32,0.3110,90.62,Active :),0.26
2025-07-13 11:48:32,0.3173,90.66,Active :),0.30
2025-07-13 11:48:32,0.3230,90.59,Active :),0.35
2025-07-13 11:48:32,0.3300,90.59,Active :),0.39
2025-07-13 11:48:32,0.3371,90.62,Active :),0.43
2025-07-13 11:48:32,0.3444,90.63,Active :),0.47
2025-07-13 11:48:34,0.3744,90.46,Active :),1.50
2025-07-13 11:48:34,0.3758,90.47,Active :),1.55
2025-07-13 11:48:34,0.3785,90.50,Active :),1.59
2025-07-13 11:48:34,0.3798,90.58,Active :),1.63
2025-07-13 11:48:34,0.3793,90.66,Active :),1.67
2025-07-13 11:48:34,0.3787,90.74,Active :),1.71
2025-07-13 11:48:34,0.3794,90.78,Active :),1.76
2025-07-13 11:48:34,0.3788,90.85,Active :),1.82
2025-07-13 11:48:34,0.3767,90.82,Active :),1.86
2025-07-13 11:48:34,0.3756,90.74,Active :),1.90
2025-07-13 11:48:34,0.3732,90.82,Active :),1.95
2025-07-13 11:48:34,0.3718,90.93,Active :),1.99
2025-07-13 11:48:34,0.3730,91.12,Active :),2.03
2025-07-13 11:48:34,0.3754,91.27,Active :),2.07
2025-07-13 11:48:34,0.3779,91.43,Active :),2.11
2025-07-13 11:48:34,0.3785,91.50,Active :),2.16
2025-07-13 11:48:34,0.3779,91.62,Active :),2.20
2025-07-13 11:48:34,0.3759,91.69,Active :),2.24
2025-07-13 11:48:34,0.3752,91.61,Active :),2.28
2025-07-13 11:48:34,0.3716,91.58,Active :),2.35
2025-07-13 11:48:34,0.3699,91.46,Active :),2.39
2025-07-13 11:48:34,0.3688,91.23,Active :),2.43
2025-07-13 11:48:34,0.3652,90.92,Active :),2.48
2025-07-13 11:48:36,0.2504,90.17,Active :),0.00
2025-07-13 11:48:36,0.2382,90.41,SLEEPING !!!,0.00
2025-07-13 11:48:36,0.2280,90.61,SLEEPING !!!,0.05
